<?xml version="1.0" encoding="UTF-8"?>
<!DOCTYPE mapper PUBLIC "-//mybatis.org//DTD Mapper 3.0//EN" "http://mybatis.org/dtd/mybatis-3-mapper.dtd">

<mapper namespace="com.qst.crop.dao.CommentDao">
    <resultMap id="BaseResultMap" type="com.qst.crop.entity.Comment">
        <id column="comment_id" jdbcType="INTEGER" property="commentId" />
        <result column="order_id" jdbcType="INTEGER" property="orderId" />
        <result column="own_name" jdbcType="VARCHAR" property="ownName" />
        <result column="content" jdbcType="VARCHAR" property="content" />
        <result column="create_time" jdbcType="TIMESTAMP" property="createTime" />
    </resultMap>
    <sql id="Base_Column_List">
        comment_id, order_id, own_name, content, create_time
    </sql>



    <insert id="insertComment" parameterType="com.qst.crop.entity.Comment">
        insert into tb_comment
        <trim prefix="(" suffix=")" suffixOverrides=",">
            <if test="discussId != null">
                discuss_id,
            </if>
            <if test="orderId != null">
                order_id,
            </if>
            <if test="ownName != null">
                own_name,
            </if>
            <if test="content != null">
                content,
            </if>
            <if test="createTime != null">
                create_time,
            </if>
        </trim>
        <trim prefix="values (" suffix=")" suffixOverrides=",">
            <if test="discussId != null">
                #{discussId,jdbcType=INTEGER},
            </if>
            <if test="knowledgeId != null">
                #{orderId,jdbcType=INTEGER},
            </if>
            <if test="ownName != null">
                #{ownName,jdbcType=VARCHAR},
            </if>
            <if test="content != null">
                #{content,jdbcType=VARCHAR},
            </if>
            <if test="createTime != null">
                #{createTime,jdbcType=TIMESTAMP},
            </if>
        </trim>
    </insert>



    <select id="selectComment" resultType="com.qst.crop.entity.Comment">
        select *
        from tb_comment
        where order_id = #{orderId,jdbcType=INTEGER}
    </select>
</mapper>